case_id,source_file,pair_id,pair_type,kind_hint,target_vitals,direction_accuracy,normalized_l2,num_target_vitals,num_missing_predictions,missing_predictions,direction_match,before_vitals,target_vitals_values,predicted_vitals
acute_respiratory_distress_pulmonary_edema,transitions_reviewed/Cardiology/Acute Respiratory Distress.json,p1,physiology_response,oxygen_support,"[""RR"", ""O2Sat""]",1.0,0.4,2,0,"{""O2Sat"": false, ""RR"": false}","{""O2Sat"": true, ""RR"": true}","{""BP_dia"": 95, ""BP_sys"": 150, ""HR"": 110, ""O2Sat"": 80, ""RR"": 34, ""T"": 36.9}","{""O2Sat"": 88, ""RR"": 34}","{""BP_dia"": 95, ""BP_sys"": 150, ""HR"": 110, ""O2Sat"": 88, ""RR"": 32, ""T"": 36.9}"
acute_respiratory_distress_pulmonary_edema,transitions_reviewed/Cardiology/Acute Respiratory Distress.json,p2,time_progression,no_action,"[""RR"", ""O2Sat""]",1.0,1.2,2,0,"{""O2Sat"": false, ""RR"": false}","{""O2Sat"": true, ""RR"": true}","{""BP_dia"": 95, ""BP_sys"": 150, ""HR"": 110, ""O2Sat"": 88, ""RR"": 34, ""T"": 36.9}","{""O2Sat"": 85, ""RR"": 24}","{""BP_dia"": 95, ""BP_sys"": 150, ""HR"": 110, ""O2Sat"": 85, ""RR"": 30, ""T"": 36.9}"
acute_respiratory_distress_pulmonary_edema,transitions_reviewed/Cardiology/Acute Respiratory Distress.json,p3,time_progression,no_action,"[""RR"", ""O2Sat""]",1.0,0.2,2,0,"{""O2Sat"": false, ""RR"": false}","{""O2Sat"": true, ""RR"": true}","{""BP_dia"": null, ""BP_sys"": null, ""HR"": 120, ""O2Sat"": 85, ""RR"": 24, ""T"": null}","{""O2Sat"": 82, ""RR"": 24}","{""BP_dia"": null, ""BP_sys"": null, ""HR"": 120, ""O2Sat"": 81, ""RR"": 24, ""T"": null}"
acute_respiratory_distress_pulmonary_edema,transitions_reviewed/Cardiology/Acute Respiratory Distress.json,p4,physiology_response,oxygen_support,"[""RR"", ""O2Sat""]",1.0,0.4,2,0,"{""O2Sat"": false, ""RR"": false}","{""O2Sat"": true, ""RR"": true}","{""BP_dia"": null, ""BP_sys"": null, ""HR"": 120, ""O2Sat"": 85, ""RR"": 24, ""T"": null}","{""O2Sat"": 89, ""RR"": 24}","{""BP_dia"": null, ""BP_sys"": null, ""HR"": 120, ""O2Sat"": 91, ""RR"": 24, ""T"": null}"
acute_respiratory_distress_pulmonary_edema,transitions_reviewed/Cardiology/Acute Respiratory Distress.json,p5,physiology_response,oxygen_support,"[""RR"", ""O2Sat""]",1.0,0.2,2,0,"{""O2Sat"": false, ""RR"": false}","{""O2Sat"": true, ""RR"": true}","{""BP_dia"": null, ""BP_sys"": null, ""HR"": 120, ""O2Sat"": 85, ""RR"": 24, ""T"": null}","{""O2Sat"": 92, ""RR"": 24}","{""BP_dia"": null, ""BP_sys"": null, ""HR"": 120, ""O2Sat"": 93, ""RR"": 24, ""T"": null}"
acute_respiratory_distress_pulmonary_edema,transitions_reviewed/Cardiology/Acute Respiratory Distress.json,p6,physiology_response,airway_management,"[""RR"", ""O2Sat""]",1.0,0.2,2,0,"{""O2Sat"": false, ""RR"": false}","{""O2Sat"": true, ""RR"": true}","{""BP_dia"": 95, ""BP_sys"": 150, ""HR"": 120, ""O2Sat"": 85, ""RR"": 24, ""T"": null}","{""O2Sat"": 94, ""RR"": 12}","{""BP_dia"": 95, ""BP_sys"": 150, ""HR"": 105, ""O2Sat"": 95, ""RR"": 12, ""T"": null}"
aortic_dissection,transitions_reviewed/Cardiology/Aortic Dissection.json,p1,physiology_response,rate_control,"[""HR"", ""BP_sys"", ""BP_dia""]",0.6666666666666666,6.034069936618235,3,0,"{""BP_dia"": false, ""BP_sys"": false, ""HR"": false}","{""BP_dia"": true, ""BP_sys"": false, ""HR"": true}","{""BP_dia"": 100, ""BP_sys"": 210, ""HR"": 110, ""O2Sat"": 99, ""RR"": 20, ""T"": 36.5}","{""BP_dia"": 96, ""BP_sys"": 150, ""HR"": 85}","{""BP_dia"": 100, ""BP_sys"": 210, ""HR"": 90, ""O2Sat"": 99, ""RR"": 20, ""T"": 36.5}"
aortic_dissection,transitions_reviewed/Cardiology/Aortic Dissection.json,p2,physiology_response,anticoagulation,"[""HR"", ""BP_sys"", ""BP_dia"", ""RR"", ""O2Sat""]",0.0,32.71146587971869,5,0,"{""BP_dia"": false, ""BP_sys"": false, ""HR"": false, ""O2Sat"": false, ""RR"": false}","{""BP_dia"": false, ""BP_sys"": false, ""HR"": false, ""O2Sat"": false, ""RR"": false}","{""BP_dia"": 100, ""BP_sys"": 210, ""HR"": 110, ""O2Sat"": 99, ""RR"": 20, ""T"": 36.5}","{""BP_dia"": 0, ""BP_sys"": 0, ""HR"": 0, ""O2Sat"": 0, ""RR"": 0}","{""BP_dia"": 100, ""BP_sys"": 210, ""HR"": 110, ""O2Sat"": 99, ""RR"": 20, ""T"": 36.5}"
aortic_dissection,transitions_reviewed/Cardiology/Aortic Dissection.json,p3,time_progression,no_action,"[""HR"", ""BP_sys"", ""BP_dia""]",0.0,14.0,3,0,"{""BP_dia"": false, ""BP_sys"": false, ""HR"": false}","{""BP_dia"": false, ""BP_sys"": false, ""HR"": false}","{""BP_dia"": 100, ""BP_sys"": 210, ""HR"": 110, ""O2Sat"": 99, ""RR"": 20, ""T"": 36.5}","{""BP_dia"": 60, ""BP_sys"": 90, ""HR"": 50}","{""BP_dia"": 100, ""BP_sys"": 210, ""HR"": 110, ""O2Sat"": 99, ""RR"": 20, ""T"": 36.5}"
aortic_dissection,transitions_reviewed/Cardiology/Aortic Dissection.json,p4,physiology_response,fluid_bolus,"[""HR"", ""BP_sys"", ""BP_dia""]",1.0,0.223606797749979,3,0,"{""BP_dia"": false, ""BP_sys"": false, ""HR"": false}","{""BP_dia"": true, ""BP_sys"": true, ""HR"": true}","{""BP_dia"": 60, ""BP_sys"": 90, ""HR"": 50, ""O2Sat"": null, ""RR"": null, ""T"": null}","{""BP_dia"": 65, ""BP_sys"": 100, ""HR"": 50}","{""BP_dia"": 64, ""BP_sys"": 98, ""HR"": 50, ""O2Sat"": null, ""RR"": null, ""T"": null}"
aortic_dissection,transitions_reviewed/Cardiology/Aortic Dissection.json,p5,time_progression,no_action,"[""HR"", ""BP_sys"", ""BP_dia"", ""RR""]",0.0,4.069397989875161,4,0,"{""BP_dia"": false, ""BP_sys"": false, ""HR"": false, ""RR"": false}","{""BP_dia"": false, ""BP_sys"": false, ""HR"": false, ""RR"": false}","{""BP_dia"": 60, ""BP_sys"": 90, ""HR"": 50, ""O2Sat"": null, ""RR"": 20, ""T"": null}","{""BP_dia"": 30, ""BP_sys"": 70, ""HR"": 40, ""RR"": 12}","{""BP_dia"": 60, ""BP_sys"": 90, ""HR"": 50, ""O2Sat"": null, ""RR"": 20, ""T"": null}"
aortic_dissection,transitions_reviewed/Cardiology/Aortic Dissection.json,p6,physiology_response,transcutaneous_pacing,"[""HR"", ""BP_sys"", ""BP_dia""]",0.6666666666666666,2.345207879911715,3,0,"{""BP_dia"": false, ""BP_sys"": false, ""HR"": false}","{""BP_dia"": false, ""BP_sys"": true, ""HR"": true}","{""BP_dia"": 30, ""BP_sys"": 70, ""HR"": 40, ""O2Sat"": null, ""RR"": 12, ""T"": null}","{""BP_dia"": 50, ""BP_sys"": 90, ""HR"": 80}","{""BP_dia"": 35, ""BP_sys"": 80, ""HR"": 65, ""O2Sat"": null, ""RR"": 12, ""T"": null}"
subarachnoid_hemorrhage,transitions_reviewed/Communication/Critical Care 1 – Subarachnoid Hemorrhage.json,p1,time_progression,no_action,"[""HR"", ""BP_sys"", ""BP_dia""]",0.0,10.111874208078342,3,0,"{""BP_dia"": false, ""BP_sys"": false, ""HR"": false}","{""BP_dia"": false, ""BP_sys"": false, ""HR"": false}","{""BP_dia"": 95, ""BP_sys"": 170, ""HR"": 110, ""O2Sat"": 92, ""RR"": 12, ""T"": 37.4}","{""BP_dia"": 50, ""BP_sys"": 80, ""HR"": 100}","{""BP_dia"": 95, ""BP_sys"": 170, ""HR"": 110, ""O2Sat"": 92, ""RR"": 12, ""T"": 37.4}"
subarachnoid_hemorrhage,transitions_reviewed/Communication/Critical Care 1 – Subarachnoid Hemorrhage.json,p2,physiology_response,fluid_bolus,"[""BP_sys""]",1.0,0.2,1,0,"{""BP_sys"": false}","{""BP_sys"": true}","{""BP_dia"": 50, ""BP_sys"": 80, ""HR"": 100, ""O2Sat"": 92, ""RR"": 12, ""T"": 37.4}","{""BP_sys"": 90}","{""BP_dia"": 56, ""BP_sys"": 92, ""HR"": 100, ""O2Sat"": 92, ""RR"": 12, ""T"": 37.4}"
subarachnoid_hemorrhage,transitions_reviewed/Communication/Critical Care 1 – Subarachnoid Hemorrhage.json,p3,physiology_response,vasopressor,"[""BP_sys""]",1.0,0.5,1,0,"{""BP_sys"": false}","{""BP_sys"": true}","{""BP_dia"": 50, ""BP_sys"": 80, ""HR"": 100, ""O2Sat"": 92, ""RR"": 12, ""T"": 37.4}","{""BP_sys"": 90}","{""BP_dia"": 58, ""BP_sys"": 95, ""HR"": 100, ""O2Sat"": 92, ""RR"": 12, ""T"": 37.4}"
subarachnoid_hemorrhage,transitions_reviewed/Communication/Critical Care 1 – Subarachnoid Hemorrhage.json,p4,physiology_response,oxygen_support,"[""O2Sat""]",0.0,0.4,1,0,"{""O2Sat"": false}","{""O2Sat"": false}","{""BP_dia"": null, ""BP_sys"": null, ""HR"": 110, ""O2Sat"": 87, ""RR"": 12, ""T"": 37.4}","{""O2Sat"": 88}","{""BP_dia"": null, ""BP_sys"": null, ""HR"": 110, ""O2Sat"": 90, ""RR"": 12, ""T"": 37.4}"
subarachnoid_hemorrhage,transitions_reviewed/Communication/Critical Care 1 – Subarachnoid Hemorrhage.json,p5,physiology_response,oxygen_support,"[""O2Sat""]",1.0,0.2,1,0,"{""O2Sat"": false}","{""O2Sat"": true}","{""BP_dia"": null, ""BP_sys"": null, ""HR"": 110, ""O2Sat"": 87, ""RR"": 12, ""T"": 37.4}","{""O2Sat"": 92}","{""BP_dia"": null, ""BP_sys"": null, ""HR"": 110, ""O2Sat"": 93, ""RR"": 12, ""T"": 37.4}"
subarachnoid_hemorrhage,transitions_reviewed/Communication/Critical Care 1 – Subarachnoid Hemorrhage.json,p6,physiology_response,oral_airway,"[""O2Sat""]",1.0,1.4,1,0,"{""O2Sat"": false}","{""O2Sat"": true}","{""BP_dia"": null, ""BP_sys"": null, ""HR"": 110, ""O2Sat"": 87, ""RR"": 12, ""T"": 37.4}","{""O2Sat"": 97}","{""BP_dia"": null, ""BP_sys"": null, ""HR"": 110, ""O2Sat"": 90, ""RR"": 12, ""T"": 37.4}"
subarachnoid_hemorrhage,transitions_reviewed/Communication/Critical Care 1 – Subarachnoid Hemorrhage.json,p7,physiology_response,airway_management,"[""HR"", ""BP_sys"", ""BP_dia"", ""RR"", ""O2Sat""]",0.2,8.616843969807043,5,0,"{""BP_dia"": false, ""BP_sys"": false, ""HR"": false, ""O2Sat"": false, ""RR"": false}","{""BP_dia"": false, ""BP_sys"": false, ""HR"": false, ""O2Sat"": true, ""RR"": false}","{""BP_dia"": 50, ""BP_sys"": 90, ""HR"": 110, ""O2Sat"": 87, ""RR"": 12, ""T"": 37.4}","{""BP_dia"": 90, ""BP_sys"": 165, ""HR"": 120, ""O2Sat"": 98, ""RR"": 16}","{""BP_dia"": 50, ""BP_sys"": 90, ""HR"": 110, ""O2Sat"": 95, ""RR"": 12, ""T"": 37.4}"
adrenal_crisis,transitions_reviewed/Endocrine/Adrenal Crisis.json,p1,physiology_response,fluid_bolus,"[""HR"", ""BP_sys"", ""BP_dia""]",0.0,1.772004514666935,3,0,"{""BP_dia"": false, ""BP_sys"": false, ""HR"": false}","{""BP_dia"": false, ""BP_sys"": false, ""HR"": false}","{""BP_dia"": 40, ""BP_sys"": 80, ""HR"": 125, ""O2Sat"": 98, ""RR"": 18, ""T"": 35}","{""BP_dia"": 40, ""BP_sys"": 80, ""HR"": 115}","{""BP_dia"": 48, ""BP_sys"": 95, ""HR"": 120, ""O2Sat"": 98, ""RR"": 18, ""T"": 35}"
adrenal_crisis,transitions_reviewed/Endocrine/Adrenal Crisis.json,p2,physiology_response,fluid_bolus,"[""HR"", ""BP_sys"", ""BP_dia""]",0.0,1.972308292331602,3,0,"{""BP_dia"": false, ""BP_sys"": false, ""HR"": false}","{""BP_dia"": false, ""BP_sys"": false, ""HR"": false}","{""BP_dia"": 40, ""BP_sys"": 80, ""HR"": 125, ""O2Sat"": 98, ""RR"": 18, ""T"": 35}","{""BP_dia"": 40, ""BP_sys"": 80, ""HR"": 110}","{""BP_dia"": 48, ""BP_sys"": 95, ""HR"": 120, ""O2Sat"": 98, ""RR"": 18, ""T"": 35}"
adrenal_crisis,transitions_reviewed/Endocrine/Adrenal Crisis.json,p3,time_progression,no_action,"[""HR"", ""BP_sys"", ""BP_dia"", ""RR"", ""O2Sat""]",0.4,2.541653005427767,5,0,"{""BP_dia"": false, ""BP_sys"": false, ""HR"": false, ""O2Sat"": false, ""RR"": false}","{""BP_dia"": true, ""BP_sys"": true, ""HR"": false, ""O2Sat"": false, ""RR"": false}","{""BP_dia"": 40, ""BP_sys"": 80, ""HR"": 125, ""O2Sat"": 98, ""RR"": 18, ""T"": 35}","{""BP_dia"": 40, ""BP_sys"": 80, ""HR"": 140, ""O2Sat"": 90, ""RR"": 10}","{""BP_dia"": 37, ""BP_sys"": 75, ""HR"": 130, ""O2Sat"": 98, ""RR"": 18, ""T"": 35}"
adrenal_crisis,transitions_reviewed/Endocrine/Adrenal Crisis.json,p4,physiology_response,corticosteroid,"[""BP_sys"", ""BP_dia""]",0.0,2.5,2,0,"{""BP_dia"": false, ""BP_sys"": false}","{""BP_dia"": false, ""BP_sys"": false}","{""BP_dia"": 40, ""BP_sys"": 85, ""HR"": 110, ""O2Sat"": null, ""RR"": null, ""T"": null}","{""BP_dia"": 60, ""BP_sys"": 100}","{""BP_dia"": 40, ""BP_sys"": 85, ""HR"": 110, ""O2Sat"": null, ""RR"": null, ""T"": null}"
adrenal_crisis,transitions_reviewed/Endocrine/Adrenal Crisis.json,p5,time_progression,no_action,"[""HR"", ""RR""]",0.5,5.762811813689564,2,0,"{""HR"": false, ""RR"": false}","{""HR"": true, ""RR"": false}","{""BP_dia"": 40, ""BP_sys"": 80, ""HR"": 125, ""O2Sat"": 98, ""RR"": 18, ""T"": null}","{""HR"": 180, ""RR"": 0}","{""BP_dia"": 34, ""BP_sys"": 70, ""HR"": 135, ""O2Sat"": 98, ""RR"": 18, ""T"": null}"
massive_upper_gi_bleed,transitions_reviewed/GI/Massive Upper GI Bleed.json,p1,time_progression,no_action,"[""HR"", ""BP_sys"", ""BP_dia""]",0.0,3.3541019662496847,3,0,"{""BP_dia"": false, ""BP_sys"": false, ""HR"": false}","{""BP_dia"": false, ""BP_sys"": false, ""HR"": false}","{""BP_dia"": 60, ""BP_sys"": 105, ""HR"": 115, ""O2Sat"": 96, ""RR"": 24, ""T"": 37.8}","{""BP_dia"": 50, ""BP_sys"": 85, ""HR"": 140}","{""BP_dia"": 60, ""BP_sys"": 105, ""HR"": 115, ""O2Sat"": 96, ""RR"": 24, ""T"": 37.8}"
massive_upper_gi_bleed,transitions_reviewed/GI/Massive Upper GI Bleed.json,p2,physiology_response,blood_transfusion,"[""HR"", ""BP_sys"", ""BP_dia"", ""T""]",1.0,1.4247806848775009,4,0,"{""BP_dia"": false, ""BP_sys"": false, ""HR"": false, ""T"": false}","{""BP_dia"": true, ""BP_sys"": true, ""HR"": true, ""T"": true}","{""BP_dia"": 50, ""BP_sys"": 85, ""HR"": 140, ""O2Sat"": null, ""RR"": null, ""T"": 37.8}","{""BP_dia"": 60, ""BP_sys"": 95, ""HR"": 120, ""T"": 37.8}","{""BP_dia"": 57, ""BP_sys"": 100, ""HR"": 133, ""O2Sat"": null, ""RR"": null, ""T"": 37.8}"
massive_upper_gi_bleed,transitions_reviewed/GI/Massive Upper GI Bleed.json,p3,physiology_response,fluid_bolus,"[""HR"", ""BP_sys"", ""BP_dia""]",0.0,1.224744871391589,3,0,"{""BP_dia"": false, ""BP_sys"": false, ""HR"": false}","{""BP_dia"": false, ""BP_sys"": false, ""HR"": false}","{""BP_dia"": 50, ""BP_sys"": 85, ""HR"": 140, ""O2Sat"": null, ""RR"": null, ""T"": null}","{""BP_dia"": 55, ""BP_sys"": 90, ""HR"": 125}","{""BP_dia"": 56, ""BP_sys"": 97, ""HR"": 135, ""O2Sat"": null, ""RR"": null, ""T"": null}"
massive_upper_gi_bleed,transitions_reviewed/GI/Massive Upper GI Bleed.json,p4,time_progression,no_action,"[""BP_sys"", ""BP_dia""]",0.0,9.278469701410897,2,0,"{""BP_dia"": false, ""BP_sys"": false}","{""BP_dia"": false, ""BP_sys"": false}","{""BP_dia"": 50, ""BP_sys"": 85, ""HR"": 140, ""O2Sat"": null, ""RR"": null, ""T"": null}","{""BP_dia"": 0, ""BP_sys"": 0}","{""BP_dia"": 47, ""BP_sys"": 80, ""HR"": 145, ""O2Sat"": null, ""RR"": null, ""T"": null}"
altered_loc,transitions_reviewed/Neurology/Altered LOC.json,p1,physiology_response,fluid_bolus,"[""HR"", ""BP_sys"", ""BP_dia"", ""T""]",0.5,1.3601470508735443,4,0,"{""BP_dia"": false, ""BP_sys"": false, ""HR"": false, ""T"": false}","{""BP_dia"": true, ""BP_sys"": false, ""HR"": false, ""T"": true}","{""BP_dia"": 52, ""BP_sys"": 90, ""HR"": 130, ""O2Sat"": 92, ""RR"": 22, ""T"": 35.7}","{""BP_dia"": 65, ""BP_sys"": 95, ""HR"": 115, ""T"": 35.7}","{""BP_dia"": 58, ""BP_sys"": 101, ""HR"": 125, ""O2Sat"": 92, ""RR"": 22, ""T"": 35.7}"
altered_loc,transitions_reviewed/Neurology/Altered LOC.json,p2,physiology_response,oxygen_support,"[""O2Sat""]",0.0,1.0,1,0,"{""O2Sat"": false}","{""O2Sat"": false}","{""BP_dia"": 52, ""BP_sys"": 90, ""HR"": 130, ""O2Sat"": 92, ""RR"": 22, ""T"": 35.7}","{""O2Sat"": 97}","{""BP_dia"": 52, ""BP_sys"": 90, ""HR"": 130, ""O2Sat"": 92, ""RR"": 22, ""T"": 35.7}"
altered_loc,transitions_reviewed/Neurology/Altered LOC.json,p3,time_progression,no_action,"[""RR""]",0.0,,1,0,"{""RR"": false}","{""RR"": false}","{""BP_dia"": 52, ""BP_sys"": 90, ""HR"": 130, ""O2Sat"": 92, ""RR"": 22, ""T"": 35.7}",{},"{""BP_dia"": 52, ""BP_sys"": 90, ""HR"": 130, ""O2Sat"": 92, ""RR"": 22, ""T"": 35.7}"
altered_loc,transitions_reviewed/Neurology/Altered LOC.json,p4,physiology_response,airway_medication,"[""HR"", ""BP_sys"", ""BP_dia"", ""O2Sat""]",0.25,3.6742346141747673,4,0,"{""BP_dia"": false, ""BP_sys"": false, ""HR"": false, ""O2Sat"": false}","{""BP_dia"": false, ""BP_sys"": false, ""HR"": false, ""O2Sat"": true}","{""BP_dia"": 65, ""BP_sys"": 105, ""HR"": 110, ""O2Sat"": 97}","{""BP_dia"": 40, ""BP_sys"": 80, ""HR"": 120, ""O2Sat"": 97}","{""BP_dia"": 65, ""BP_sys"": 105, ""HR"": 110, ""O2Sat"": 97, ""RR"": null, ""T"": null}"
altered_loc,transitions_reviewed/Neurology/Altered LOC.json,p5,physiology_response,airway_management,"[""O2Sat""]",1.0,0.6,1,0,"{""O2Sat"": false}","{""O2Sat"": true}","{""BP_dia"": 75, ""BP_sys"": 130, ""HR"": 120, ""O2Sat"": 86, ""RR"": 24}","{""O2Sat"": 98}","{""BP_dia"": 75, ""BP_sys"": 130, ""HR"": 105, ""O2Sat"": 95, ""RR"": 12, ""T"": null}"
elderly_psychosis_agitation,transitions_reviewed/Neurology/Elderly Psychosis and Agitation.json,p1,physiology_response,fluid_bolus,"[""HR"", ""BP_sys"", ""BP_dia""]",0.6666666666666666,1.5,3,0,"{""BP_dia"": false, ""BP_sys"": false, ""HR"": false}","{""BP_dia"": true, ""BP_sys"": true, ""HR"": false}","{""BP_dia"": 70, ""BP_sys"": 110, ""HR"": 105, ""O2Sat"": 90, ""RR"": 12, ""T"": 36.3}","{""BP_dia"": 70, ""BP_sys"": 110, ""HR"": 90}","{""BP_dia"": 70, ""BP_sys"": 110, ""HR"": 105, ""O2Sat"": 90, ""RR"": 12, ""T"": 36.3}"
elderly_psychosis_agitation,transitions_reviewed/Neurology/Elderly Psychosis and Agitation.json,p2,physiology_response,oxygen_support,"[""RR"", ""O2Sat""]",0.5,0.8,2,0,"{""O2Sat"": false, ""RR"": false}","{""O2Sat"": false, ""RR"": true}","{""BP_dia"": 70, ""BP_sys"": 110, ""HR"": 105, ""O2Sat"": 90, ""RR"": 12, ""T"": 36.3}","{""O2Sat"": 96, ""RR"": 12}","{""BP_dia"": 70, ""BP_sys"": 110, ""HR"": 105, ""O2Sat"": 92, ""RR"": 12, ""T"": 36.3}"
elderly_psychosis_agitation,transitions_reviewed/Neurology/Elderly Psychosis and Agitation.json,p3,physiology_response,airway_management,"[""BP_sys"", ""BP_dia"", ""RR"", ""O2Sat""]",0.5,2.2891046284519194,4,0,"{""BP_dia"": false, ""BP_sys"": false, ""O2Sat"": false, ""RR"": false}","{""BP_dia"": false, ""BP_sys"": false, ""O2Sat"": true, ""RR"": true}","{""BP_dia"": 55, ""BP_sys"": 95, ""HR"": 90, ""O2Sat"": 80, ""RR"": 6, ""T"": 36.3}","{""BP_dia"": 65, ""BP_sys"": 105, ""O2Sat"": 99, ""RR"": 12}","{""BP_dia"": 55, ""BP_sys"": 95, ""HR"": 90, ""O2Sat"": 90, ""RR"": 12, ""T"": 36.3}"
severe_pediatric_asthma_exacerbation,transitions_reviewed/Pediatrics/Pediatric Asthma Exacerbation.json,p1,physiology_response,fluid_bolus,"[""HR"", ""BP_sys"", ""BP_dia""]",0.0,2.598076211353316,3,0,"{""BP_dia"": false, ""BP_sys"": false, ""HR"": false}","{""BP_dia"": false, ""BP_sys"": false, ""HR"": false}","{""BP_dia"": 50, ""BP_sys"": 80, ""HR"": 160, ""O2Sat"": 99, ""RR"": 40, ""T"": 37.8}","{""BP_dia"": 55, ""BP_sys"": 85, ""HR"": 130}","{""BP_dia"": 56, ""BP_sys"": 92, ""HR"": 155, ""O2Sat"": 99, ""RR"": 40, ""T"": 37.8}"
severe_pediatric_asthma_exacerbation,transitions_reviewed/Pediatrics/Pediatric Asthma Exacerbation.json,p2,time_progression,no_action,"[""HR"", ""BP_sys"", ""BP_dia"", ""RR"", ""O2Sat""]",0.4,2.819574435974337,5,0,"{""BP_dia"": false, ""BP_sys"": false, ""HR"": false, ""O2Sat"": false, ""RR"": false}","{""BP_dia"": true, ""BP_sys"": true, ""HR"": false, ""O2Sat"": false, ""RR"": false}","{""BP_dia"": 50, ""BP_sys"": 80, ""HR"": 160, ""O2Sat"": 99, ""RR"": 40, ""T"": 37.8}","{""BP_dia"": 50, ""BP_sys"": 80, ""HR"": 140, ""O2Sat"": 96, ""RR"": 45}","{""BP_dia"": 47, ""BP_sys"": 75, ""HR"": 165, ""O2Sat"": 99, ""RR"": 40, ""T"": 37.8}"
severe_pediatric_asthma_exacerbation,transitions_reviewed/Pediatrics/Pediatric Asthma Exacerbation.json,p3,physiology_response,vasopressor,"[""HR"", ""BP_sys"", ""BP_dia"", ""O2Sat""]",0.75,2.071231517720798,4,0,"{""BP_dia"": false, ""BP_sys"": false, ""HR"": false, ""O2Sat"": false}","{""BP_dia"": true, ""BP_sys"": true, ""HR"": false, ""O2Sat"": true}","{""BP_dia"": 50, ""BP_sys"": 80, ""HR"": 140, ""O2Sat"": 96, ""RR"": 45, ""T"": null}","{""BP_dia"": 60, ""BP_sys"": 90, ""HR"": 160, ""O2Sat"": 96}","{""BP_dia"": 58, ""BP_sys"": 95, ""HR"": 140, ""O2Sat"": 96, ""RR"": 45, ""T"": null}"
severe_pediatric_asthma_exacerbation,transitions_reviewed/Pediatrics/Pediatric Asthma Exacerbation.json,p4,time_progression,no_action,"[""HR"", ""BP_sys"", ""BP_dia"", ""RR"", ""O2Sat""]",0.4,6.816157275180789,5,0,"{""BP_dia"": false, ""BP_sys"": false, ""HR"": false, ""O2Sat"": false, ""RR"": false}","{""BP_dia"": true, ""BP_sys"": true, ""HR"": false, ""O2Sat"": false, ""RR"": false}","{""BP_dia"": 50, ""BP_sys"": 80, ""HR"": 140, ""O2Sat"": 96, ""RR"": 45, ""T"": null}","{""BP_dia"": 50, ""BP_sys"": 75, ""HR"": 150, ""O2Sat"": 88, ""RR"": 12}","{""BP_dia"": 47, ""BP_sys"": 75, ""HR"": 145, ""O2Sat"": 96, ""RR"": 45, ""T"": null}"
severe_pediatric_asthma_exacerbation,transitions_reviewed/Pediatrics/Pediatric Asthma Exacerbation.json,p5,physiology_response,airway_management,"[""HR"", ""BP_sys"", ""BP_dia"", ""O2Sat""]",0.25,2.7386127875258306,4,0,"{""BP_dia"": false, ""BP_sys"": false, ""HR"": false, ""O2Sat"": false}","{""BP_dia"": false, ""BP_sys"": false, ""HR"": true, ""O2Sat"": false}","{""BP_dia"": 50, ""BP_sys"": 75, ""HR"": 150, ""O2Sat"": 88, ""RR"": 12, ""T"": null}","{""BP_dia"": 30, ""BP_sys"": 60, ""HR"": 130, ""O2Sat"": 90}","{""BP_dia"": 50, ""BP_sys"": 75, ""HR"": 135, ""O2Sat"": 95, ""RR"": 12, ""T"": null}"
severe_pediatric_asthma_exacerbation,transitions_reviewed/Pediatrics/Pediatric Asthma Exacerbation.json,p6,time_progression,no_action,"[""HR"", ""O2Sat""]",0.0,11.661903789690601,2,0,"{""HR"": false, ""O2Sat"": false}","{""HR"": false, ""O2Sat"": false}","{""BP_dia"": 30, ""BP_sys"": 60, ""HR"": 130, ""O2Sat"": 90, ""RR"": null, ""T"": null}","{""HR"": 35, ""O2Sat"": 60}","{""BP_dia"": 27, ""BP_sys"": 55, ""HR"": 135, ""O2Sat"": 90, ""RR"": null, ""T"": null}"
pe_with_bleeding,transitions_reviewed/Respiratory/PE with Bleeding.json,p1,physiology_response,oxygen_support,"[""O2Sat""]",1.0,0.6,1,0,"{""O2Sat"": false}","{""O2Sat"": true}","{""BP_dia"": 73, ""BP_sys"": 131, ""HR"": 144, ""O2Sat"": 88, ""RR"": 26, ""T"": 37.1}","{""O2Sat"": 97}","{""BP_dia"": 73, ""BP_sys"": 131, ""HR"": 144, ""O2Sat"": 94, ""RR"": 24, ""T"": 37.1}"
pe_with_bleeding,transitions_reviewed/Respiratory/PE with Bleeding.json,p2,physiology_response,fluid_bolus,"[""HR""]",0.0,1.9,1,0,"{""HR"": false}","{""HR"": false}","{""BP_dia"": 73, ""BP_sys"": 131, ""HR"": 144, ""O2Sat"": 88, ""RR"": 26, ""T"": 37.1}","{""HR"": 125}","{""BP_dia"": 73, ""BP_sys"": 131, ""HR"": 144, ""O2Sat"": 88, ""RR"": 26, ""T"": 37.1}"
pe_with_bleeding,transitions_reviewed/Respiratory/PE with Bleeding.json,p4,physiology_response,vasopressor,"[""BP_sys"", ""BP_dia""]",1.0,1.3416407864998738,2,0,"{""BP_dia"": false, ""BP_sys"": false}","{""BP_dia"": true, ""BP_sys"": true}","{""BP_dia"": 35, ""BP_sys"": 75, ""HR"": 110, ""O2Sat"": 95, ""RR"": 12, ""T"": null}","{""BP_dia"": 55, ""BP_sys"": 96}","{""BP_dia"": 43, ""BP_sys"": 90, ""HR"": 110, ""O2Sat"": 95, ""RR"": 12, ""T"": null}"
pe_with_bleeding,transitions_reviewed/Respiratory/PE with Bleeding.json,p5,physiology_response,fluid_bolus,"[""HR"", ""BP_sys"", ""BP_dia""]",0.3333333333333333,1.6093476939431082,3,0,"{""BP_dia"": false, ""BP_sys"": false, ""HR"": false}","{""BP_dia"": false, ""BP_sys"": true, ""HR"": false}","{""BP_dia"": 40, ""BP_sys"": 70, ""HR"": 120, ""O2Sat"": 93, ""RR"": 12, ""T"": null}","{""BP_dia"": 45, ""BP_sys"": 80, ""HR"": 100}","{""BP_dia"": 48, ""BP_sys"": 85, ""HR"": 115, ""O2Sat"": 93, ""RR"": 12, ""T"": null}"
pe_with_bleeding,transitions_reviewed/Respiratory/PE with Bleeding.json,p6,physiology_response,blood_transfusion,"[""HR"", ""BP_sys"", ""BP_dia""]",0.6666666666666666,1.407124727947029,3,0,"{""BP_dia"": false, ""BP_sys"": false, ""HR"": false}","{""BP_dia"": false, ""BP_sys"": true, ""HR"": true}","{""BP_dia"": 40, ""BP_sys"": 70, ""HR"": 120, ""O2Sat"": 93, ""RR"": 12, ""T"": null}","{""BP_dia"": 45, ""BP_sys"": 80, ""HR"": 100}","{""BP_dia"": 47, ""BP_sys"": 85, ""HR"": 113, ""O2Sat"": 93, ""RR"": 12, ""T"": null}"
opioid_overdose_with_ards,transitions_reviewed/Resuscitation/Opioid Overdose with ARDS.json,p1,physiology_response,oxygen_support,"[""O2Sat""]",1.0,0.0,1,0,"{""O2Sat"": false}","{""O2Sat"": true}","{""BP_dia"": 65, ""BP_sys"": 100, ""HR"": 55, ""O2Sat"": 79, ""RR"": 4, ""T"": 34.5}","{""O2Sat"": 84}","{""BP_dia"": 65, ""BP_sys"": 100, ""HR"": 55, ""O2Sat"": 84, ""RR"": 4, ""T"": 34.5}"
opioid_overdose_with_ards,transitions_reviewed/Resuscitation/Opioid Overdose with ARDS.json,p2,physiology_response,oxygen_support,"[""HR"", ""BP_sys"", ""BP_dia"", ""RR"", ""O2Sat""]",0.8,1.7088007490635064,5,0,"{""BP_dia"": false, ""BP_sys"": false, ""HR"": false, ""O2Sat"": false, ""RR"": false}","{""BP_dia"": true, ""BP_sys"": true, ""HR"": true, ""O2Sat"": true, ""RR"": false}","{""BP_dia"": 65, ""BP_sys"": 100, ""HR"": 55, ""O2Sat"": 79, ""RR"": 4}","{""BP_dia"": 65, ""BP_sys"": 100, ""HR"": 55, ""O2Sat"": 88, ""RR"": 12}","{""BP_dia"": 65, ""BP_sys"": 100, ""HR"": 55, ""O2Sat"": 85, ""RR"": 4, ""T"": null}"
opioid_overdose_with_ards,transitions_reviewed/Resuscitation/Opioid Overdose with ARDS.json,p3,physiology_response,antidote,"[""BP_sys"", ""BP_dia"", ""RR"", ""O2Sat""]",0.0,2.247220505424423,4,0,"{""BP_dia"": false, ""BP_sys"": false, ""O2Sat"": false, ""RR"": false}","{""BP_dia"": false, ""BP_sys"": false, ""O2Sat"": false, ""RR"": false}","{""BP_dia"": 65, ""BP_sys"": 100, ""HR"": 55, ""O2Sat"": 79, ""RR"": 4, ""T"": 34.5}","{""BP_dia"": 71, ""BP_sys"": 109, ""O2Sat"": 88, ""RR"": 8}","{""BP_dia"": 65, ""BP_sys"": 100, ""HR"": 55, ""O2Sat"": 79, ""RR"": 4, ""T"": 34.5}"
opioid_overdose_with_ards,transitions_reviewed/Resuscitation/Opioid Overdose with ARDS.json,p4,physiology_response,antidote,"[""RR""]",0.0,1.2,1,0,"{""RR"": false}","{""RR"": false}","{""BP_dia"": 71, ""BP_sys"": 109, ""HR"": 60, ""O2Sat"": 88, ""RR"": 8, ""T"": null}","{""RR"": 14}","{""BP_dia"": 71, ""BP_sys"": 109, ""HR"": 60, ""O2Sat"": 88, ""RR"": 8, ""T"": null}"
opioid_overdose_with_ards,transitions_reviewed/Resuscitation/Opioid Overdose with ARDS.json,p5,physiology_response,oxygen_support,"[""HR"", ""BP_sys"", ""BP_dia"", ""O2Sat""]",0.75,1.2,4,0,"{""BP_dia"": false, ""BP_sys"": false, ""HR"": false, ""O2Sat"": false}","{""BP_dia"": true, ""BP_sys"": true, ""HR"": true, ""O2Sat"": false}","{""BP_dia"": 71, ""BP_sys"": 109, ""HR"": 60, ""O2Sat"": 88, ""RR"": 8, ""T"": null}","{""BP_dia"": 71, ""BP_sys"": 109, ""HR"": 60, ""O2Sat"": 90}","{""BP_dia"": 71, ""BP_sys"": 109, ""HR"": 60, ""O2Sat"": 96, ""RR"": 8, ""T"": null}"
opioid_overdose_with_ards,transitions_reviewed/Resuscitation/Opioid Overdose with ARDS.json,p6,physiology_response,airway_management,"[""HR"", ""RR"", ""O2Sat""]",0.6666666666666666,3.1622776601683795,3,0,"{""HR"": false, ""O2Sat"": false, ""RR"": false}","{""HR"": false, ""O2Sat"": true, ""RR"": true}","{""BP_dia"": 71, ""BP_sys"": 109, ""HR"": 60, ""O2Sat"": 88, ""RR"": 14, ""T"": null}","{""HR"": 90, ""O2Sat"": 92, ""RR"": 16}","{""BP_dia"": 71, ""BP_sys"": 109, ""HR"": 60, ""O2Sat"": 95, ""RR"": 12, ""T"": null}"
serotonin_syndrome,transitions_reviewed/Toxicology/Serotonin Syndrome.json,p1,physiology_response,fluid_bolus,"[""HR"", ""BP_sys"", ""BP_dia""]",1.0,0.8660254037844386,3,0,"{""BP_dia"": false, ""BP_sys"": false, ""HR"": false}","{""BP_dia"": true, ""BP_sys"": true, ""HR"": true}","{""BP_dia"": 80, ""BP_sys"": 120, ""HR"": 110, ""O2Sat"": 99, ""RR"": 18, ""T"": 39.5}","{""BP_dia"": 85, ""BP_sys"": 125, ""HR"": 105}","{""BP_dia"": 80, ""BP_sys"": 120, ""HR"": 110, ""O2Sat"": 99, ""RR"": 18, ""T"": 39.5}"
serotonin_syndrome,transitions_reviewed/Toxicology/Serotonin Syndrome.json,p2,physiology_response,antiarrhythmic,"[""HR"", ""BP_sys"", ""BP_dia"", ""RR"", ""O2Sat""]",0.4,10.844353369380768,5,0,"{""BP_dia"": false, ""BP_sys"": false, ""HR"": false, ""O2Sat"": false, ""RR"": false}","{""BP_dia"": false, ""BP_sys"": false, ""HR"": true, ""O2Sat"": false, ""RR"": true}","{""BP_dia"": 30, ""BP_sys"": 60, ""HR"": 180, ""O2Sat"": 93, ""RR"": 18, ""T"": 40.5}","{""BP_dia"": 90, ""BP_sys"": 140, ""HR"": 120, ""O2Sat"": 99, ""RR"": 16}","{""BP_dia"": 30, ""BP_sys"": 60, ""HR"": 160, ""O2Sat"": 93, ""RR"": 18, ""T"": 40.5}"
serotonin_syndrome,transitions_reviewed/Toxicology/Serotonin Syndrome.json,p3,time_progression,no_action,"[""BP_sys"", ""BP_dia"", ""RR""]",0.0,7.338937252763509,3,0,"{""BP_dia"": false, ""BP_sys"": false, ""RR"": false}","{""BP_dia"": false, ""BP_sys"": false, ""RR"": false}","{""BP_dia"": 30, ""BP_sys"": 60, ""HR"": 180, ""O2Sat"": 93, ""RR"": 18, ""T"": 40.5}","{""BP_dia"": 0, ""BP_sys"": 0, ""RR"": 0}","{""BP_dia"": 29, ""BP_sys"": 57, ""HR"": 180, ""O2Sat"": 93, ""RR"": 18, ""T"": 40.5}"
serotonin_syndrome,transitions_reviewed/Toxicology/Serotonin Syndrome.json,p4,physiology_response,sedation,"[""HR"", ""BP_sys"", ""BP_dia"", ""RR""]",0.0,2.603843313258307,4,0,"{""BP_dia"": false, ""BP_sys"": false, ""HR"": false, ""RR"": false}","{""BP_dia"": false, ""BP_sys"": false, ""HR"": false, ""RR"": false}","{""BP_dia"": 90, ""BP_sys"": 140, ""HR"": 120, ""O2Sat"": 99, ""RR"": 16, ""T"": 40.5}","{""BP_dia"": 70, ""BP_sys"": 120, ""HR"": 110, ""RR"": 10}","{""BP_dia"": 87, ""BP_sys"": 135, ""HR"": 120, ""O2Sat"": 99, ""RR"": 14, ""T"": 40.5}"
